
INSERT INTO ADMIN (ADMIN_ID, ADMIN_NAME, ADMIN_PASSWORD, CREATED_AT, ACTIVE) VALUES 
('admin1@example.com', '관리자1', 'password1', '2025-06-21 12:58:28', 1), 
('admin2@example.com', '관리자2', 'password2', '2025-06-21 12:58:28', 1), 
('admin3@example.com', '관리자3', 'password3', '2025-06-21 12:58:28', 1),
('admin4@example.com', '관리자4', 'password4', '2025-06-21 12:58:28', 1),
('admin5@example.com', '관리자5', 'password5', '2025-06-21 12:58:28', 1);

INSERT INTO CUSTOMER (CUSTOMER_ID, CUSTOMER_NAME, CUSTOMER_PASSWORD, CUSTOMER_PHONE_NUM, CUSTOMER_EMAIL, CUSTOMER_GENDER, CREATED_AT, ACTIVE) VALUES 
('customer1@example.com', '고객1', 'pass1', '01023718431', 'customer1@example.com', 'MALE', '2025-06-21 12:58:28', 1),
('customer2@example.com', '고객2', 'pass2', '01060992979', 'customer2@example.com', 'MALE', '2025-06-21 12:58:28', 1),
('customer3@example.com', '고객3', 'pass3', '01058181396', 'customer3@example.com', 'FEMALE', '2025-06-21 12:58:28', 1),
('customer4@example.com', '고객4', 'pass4', '01091030736', 'customer4@example.com', 'FEMALE', '2025-06-21 12:58:28', 1),
('customer5@example.com', '고객5', 'pass5', '01015831819', 'customer5@example.com', 'FEMALE', '2025-06-21 12:58:28', 1);

INSERT INTO STORE (STORE_NAME, STORE_ADDRESS, STORE_CONTACT_NUMBER, CREATED_AT, ACTIVE) VALUES 
('스토어1', '서울특별시 송파구 언주2로', '0289254563', '2025-06-21 12:58:28', 1),
('스토어2', '울산광역시 중구 학동길', '0526629388', '2025-06-21 12:58:28', 1),
('스토어3', '충청북도 청주시 상당구 태평길', '0435260393', '2025-06-21 12:58:28', 1),
('스토어4', '경상북도 안동시 경희길', '0545733813', '2025-06-21 12:58:28', 1),
('스토어5', '부산광역시 금정구 강남7가', '0514991277', '2025-06-21 12:58:28', 1);

INSERT INTO SELLER (SELLER_ID, SELLER_NAME, SELLER_PASSWORD, SELLER_PHONE_NUMBER, SELLER_EMAIL, STORE_PK, CREATED_AT, ACTIVE) VALUES 
('seller1@example.com', '판매자1', 'sellerpw1', '01071582526', 'seller1@example.com', 2, '2025-06-21 12:58:28', 1),
('seller2@example.com', '판매자2', 'sellerpw2', '01099568461', 'seller2@example.com', 3, '2025-06-21 12:58:28', 1),
('seller3@example.com', '판매자3', 'sellerpw3', '01044606634', 'seller3@example.com', 4, '2025-06-21 12:58:28', 1),
('seller4@example.com', '판매자4', 'sellerpw4', '01034283294', 'seller4@example.com', 5, '2025-06-21 12:58:28', 1),
('seller5@example.com', '판매자5', 'sellerpw5', '01022079863', 'seller5@example.com', 1, '2025-06-21 12:58:28', 1);

INSERT INTO PRODUCT (PRODUCT_NAME, PRODUCT_DESCRIPTION, PRODUCT_PRICE, PRODUCT_STOCK, PRODUCT_AVG_RATING, PRODUCT_REVIEW_COUNT, PRODUCT_STATUS, SELLER_PK, STORE_PK, CREATED_AT, ACTIVE) VALUES 
('상품1', '상품1 설명입니다.', 150000, 63, 9, 1, 'ON', 1, 2, '2025-06-21 12:58:28', 1),
('상품2', '상품2 설명입니다.', 115000, 13, 7, 1, 'ON', 2, 3, '2025-06-21 12:58:28', 1),
('상품3', '상품3 설명입니다.', 87000, 38, 5, 1, 'ON', 3, 4, '2025-06-21 12:58:28', 1),
('상품4', '상품4 설명입니다.', 168000, 18, 6, 1, 'ON', 4, 5, '2025-06-21 12:58:28', 1),
('상품5', '상품5 설명입니다.', 70000, 48, 8, 1, 'ON', 5, 1, '2025-06-21 12:58:28', 1);


INSERT INTO CUSTOMER_PRODUCT_WISH (CUSTOMER_PK, PRODUCT_PK, CREATED_AT, ACTIVE) VALUES 
(1, 1, '2025-06-21 12:58:28', 1),
(2, 2, '2025-06-21 12:58:28', 1),
(3, 3, '2025-06-21 12:58:28', 1),
(4, 4, '2025-06-21 12:58:28', 1),
(5, 5, '2025-06-21 12:58:28', 1);

INSERT INTO CATEGORY (CATEGORY_NAME, CATEGORY_PRODUCT_ORDER, TOP_CATEGORY_PK, CREATED_AT, ACTIVE) VALUES 
('카테고리1', 1, 1, '2025-06-21 12:58:28', 1),
('카테고리2', 2, 2, '2025-06-21 12:58:28', 1),
('카테고리3', 3, 3, '2025-06-21 12:58:28', 1),
('카테고리4', 4, 4, '2025-06-21 12:58:28', 1),
('카테고리5', 5, 5, '2025-06-21 12:58:28', 1);


INSERT INTO CATEGORY_PRODUCT (CATEGORY_PK, PRODUCT_PK, CREATED_AT, ACTIVE) VALUES 
(1, 1, '2025-06-21 12:58:28', 1),
(2, 2, '2025-06-21 12:58:28', 1),
(3, 3, '2025-06-21 12:58:28', 1),
(4, 4, '2025-06-21 12:58:28', 1),
(5, 5, '2025-06-21 12:58:28', 1);

INSERT INTO HOT_DEAL (HOT_DEAL_NAME, HOT_DEAL_DESCRIPTION, HOT_DEAL_THUMBNAIL, HOT_DEAL_START_AT, HOT_DEAL_END_AT, CREATED_AT, ACTIVE) VALUES 
('핫딜1', '설명1', 'https://example.com/img1.jpg', '2025-06-21 12:58:28', '2025-06-21 12:58:28', '2025-06-21 12:58:28', 1),
('핫딜2', '설명2', 'https://example.com/img2.jpg', '2025-06-21 12:58:28', '2025-06-21 12:58:28', '2025-06-21 12:58:28', 1),
('핫딜3', '설명3', 'https://example.com/img3.jpg', '2025-06-21 12:58:28', '2025-06-21 12:58:28', '2025-06-21 12:58:28', 1),
('핫딜4', '설명4', 'https://example.com/img4.jpg', '2025-06-21 12:58:28', '2025-06-21 12:58:28', '2025-06-21 12:58:28', 1),
('핫딜5', '설명5', 'https://example.com/img5.jpg', '2025-06-21 12:58:28', '2025-06-21 12:58:28', '2025-06-21 12:58:28', 1);

INSERT INTO HOT_DEAL_PRODUCT (PRODUCT_PK, HOT_DEAL_PK, CREATED_AT, ACTIVE) VALUES 
(1, 1, '2025-06-21 12:58:28', 1),
(2, 2, '2025-06-21 12:58:28', 1),
(3, 3, '2025-06-21 12:58:28', 1),
(4, 4, '2025-06-21 12:58:28', 1),
(5, 5, '2025-06-21 12:58:28', 1);

INSERT INTO CART_ITEM (CART_ITEM_QUANTITY, CUSTOMER_PK, PRODUCT_PK, CREATED_AT, ACTIVE) VALUES 
(4, 1, 1, '2025-06-21 12:58:28', 1),
(3, 2, 2, '2025-06-21 12:58:28', 1),
(2, 3, 3, '2025-06-21 12:58:28', 1),
(1, 4, 4, '2025-06-21 12:58:28', 1),
(5, 5, 5, '2025-06-21 12:58:28', 1);

INSERT INTO PRODUCT_ORDER (PRODUCT_ORDER_NUM, CUSTOMER_PK, CREATED_AT, ACTIVE) VALUES 
('O1XF9001ME', 1, '2025-06-21 12:58:28', 1),
('O8T7V021A5', 2, '2025-06-21 12:58:28', 1),
('OA64UM8Z37', 3, '2025-06-21 12:58:28', 1),
('O9HMV238AS', 4, '2025-06-21 12:58:28', 1),
('O8DBX23NVA', 5, '2025-06-21 12:58:28', 1);

INSERT INTO PRODUCT_ORDER_ITEM (PRODUCT_ORDER_ITEM_ORIGINAL_PRICE, PRODUCT_ORDER_ITEM_SALED_PRICE, PRODUCT_ORDER_ITEM_QUANTITY, PRODUCT_ORDER_ITEM_STATUS, PRODUCT_PK, PRODUCT_ORDER_PK, CREATED_AT, ACTIVE) VALUES 
(150000, 99000, 1, 'PENDING', 1, 1, '2025-06-21 12:58:28', 1),
(115000, 80000, 3, 'PENDING', 2, 2, '2025-06-21 12:58:28', 1),
(87000, 75000, 3, 'PENDING', 3, 3, '2025-06-21 12:58:28', 1),
(168000, 116000, 3, 'PENDING', 4, 4, '2025-06-21 12:58:28', 1),
(70000, 50000, 3, 'PENDING', 5, 5, '2025-06-21 12:58:28', 1);

INSERT INTO CUSTOMER_PRODUCT_REVIEW (CUSTOMER_PRODUCT_REVIEW_RATING, CUSTOMER_PRODUCT_REVIEW_COMMENT, CUSTOMER_PK, PRODUCT_ORDER_ITEM_PK, CREATED_AT, ACTIVE) VALUES 
(9, '리뷰 1', 1, 1, '2025-06-21 12:58:28', 1),
(7, '리뷰 2', 2, 2, '2025-06-21 12:58:28', 1),
(5, '리뷰 3', 3, 3, '2025-06-21 12:58:28', 1),
(6, '리뷰 4', 4, 4, '2025-06-21 12:58:28', 1),
(8, '리뷰 5', 5, 5, '2025-06-21 12:58:28', 1);

INSERT INTO PAYMENT (PAYMENT_STATUS, PAYMENT_TOTAL_PRICE, PRODUCT_ORDER_PK, PRODUCT_ORDER_ITEM_PK, CREATED_AT, ACTIVE) VALUES 
('COMPLETED', 99000, 1, 1, '2025-06-21 12:58:28', 1),
('COMPLETED', 80000, 2, 2, '2025-06-21 12:58:28', 1),
('COMPLETED', 75000, 3, 3, '2025-06-21 12:58:28', 1),
('COMPLETED', 116000, 4, 4, '2025-06-21 12:58:28', 1),
('COMPLETED', 50000, 5, 5, '2025-06-21 12:58:28', 1);


INSERT INTO PRODUCT_IMAGE (PRODUCT_IMAGE_URL, PRODUCT_IMAGE_ORDER, PRODUCT_PK, CREATED_AT, ACTIVE) VALUES 
('https://example.com/product0.jpg', 1, 1, '2025-06-21 12:58:28', 1),
('https://example.com/product1.jpg', 2, 2, '2025-06-21 12:58:28', 1),
('https://example.com/product2.jpg', 3, 3, '2025-06-21 12:58:28', 1),
('https://example.com/product3.jpg', 4, 4, '2025-06-21 12:58:28', 1),
('https://example.com/product4.jpg', 5, 5, '2025-06-21 12:58:28', 1);


INSERT INTO DISCOUNT (DISCOUNT_PRICE, DISCOUNT_START_AT, DISCOUNT_END_AT, CREATED_AT, ACTIVE, PRODUCT_PK) VALUES 
(99000, '2025-06-21 12:58:28', '2025-06-21 12:58:28', '2025-06-21 12:58:28', 1, 1),
(80000, '2025-06-21 12:58:28', '2025-06-21 12:58:28', '2025-06-21 12:58:28', 1, 2),
(75000, '2025-06-21 12:58:28', '2025-06-21 12:58:28', '2025-06-21 12:58:28', 1, 3),
(116000, '2025-06-21 12:58:28', '2025-06-21 12:58:28', '2025-06-21 12:58:28', 1, 4),
(50000, '2025-06-21 12:58:28', '2025-06-21 12:58:28', '2025-06-21 12:58:28', 1, 5);

